Rk,Year,Player,Pos,AV,School,College,Height,Wt,40YD,Vertical,BenchReps,Broad Jump,3Cone,Shuttle,Drafted,Round,Draft_Outcome,Player_Code,Pass Att,Pass Comp,Pass Yard,Pass Int,Pass TD,Rush Att,Rush Yard,Rush TD,Rec,Rec Yards,Rec TD,Tackle Solo,Int Ret,Sack
41,2004,Josh Harris,QB,0.0,Bowling Green,College Stats,73,238,4.78,31.0,0.0,115.0,0.0,0.0,Baltimore Ravens ,6,drafted,49247,15,9,73,0,0,6,-6,0,0,0,0,0,0,0.0
1,2006,Vince Young,QB,36.0,Texas,College Stats,77,229,4.48,0.0,0.0,0.0,0.0,0.0,Tennessee Titans ,1,drafted,65982,325,212,3036,10,26,155,1050,12,0,0,0,1,0,0.0
8,2006,Charlie Whitehurst,QB,7.0,Clemson,College Stats,77,223,4.75,33.0,0.0,112.0,7.0,4.11,San Diego Chargers ,3,drafted,46545,340,229,2483,10,11,50,26,3,0,0,0,0,0,0.0
15,2006,Marcus Vick,QB,0.0,Virginia Tech,College Stats,73,200,4.47,36.0,0.0,117.0,6.94,4.08,0,8,undrafted,83920,289,177,2393,10,17,147,380,6,0,0,0,0,0,0.0
43,2006,Omar Jacobs,QB,0.0,Bowling Green,College Stats,76,232,4.84,32.5,0.0,108.0,7.47,4.29,Pittsburgh Steelers ,5,drafted,45899,321,195,2590,7,26,40,62,1,0,0,0,0,0,0.0
56,2006,Reggie McNeal,QB,0.0,Texas A&M,College Stats,74,198,4.4,32.0,0.0,121.0,6.96,4.25,Cincinnati Bengals ,6,drafted,51994,265,141,1963,9,16,96,664,3,0,0,0,2,0,0.0
65,2006,Matt Leinart,QB,12.0,Southern California,College Stats,77,223,4.9,0.0,0.0,0.0,0.0,0.0,Arizona Cardinals ,1,drafted,39159,431,283,3815,8,28,51,36,6,1,11,0,0,0,0.0
86,2006,Bruce Gradkowski,QB,8.0,Toledo,College Stats,73,217,4.59,34.0,0.0,107.0,7.12,4.16,Tampa Bay Buccaneers ,6,drafted,52115,332,207,2469,12,29,61,291,4,0,0,0,1,0,0.0
98,2006,Jay Cutler,QB,109.0,Vanderbilt,College Stats,75,226,4.77,0.0,23.0,0.0,7.1,4.26,Denver Broncos ,1,drafted,41009,462,273,3073,9,21,106,215,1,0,0,0,1,0,0.0
99,2006,Brodie Croyle,QB,2.0,Alabama,College Stats,74,205,4.88,30.5,0.0,104.0,7.34,4.25,Kansas City Chiefs ,3,drafted,30138,339,202,2499,4,14,64,-156,1,0,0,0,0,0,0.0
103,2006,Kellen Clemens,QB,10.0,Oregon,College Stats,74,224,4.89,0.0,0.0,0.0,0.0,0.0,New York Jets ,2,drafted,37773,289,185,2406,4,19,69,228,0,0,0,0,1,0,0.0
115,2006,Brett Basanez,QB,0.0,Northwestern,College Stats,73,220,4.76,34.0,0.0,114.0,6.75,4.22,0,8,undrafted,37404,497,314,3622,8,21,113,423,7,0,0,0,0,0,0.0
118,2006,D.J. Shockley,QB,0.0,Georgia,College Stats,73,214,4.56,37.5,0.0,121.0,7.07,4.17,Atlanta Falcons ,7,drafted,33514,310,173,2588,5,24,78,322,4,0,0,0,0,0,0.0
131,2006,Kent Smith,QB,0.0,Central Michigan,College Stats,77,216,4.57,35.0,0.0,122.0,7.41,4.47,0,8,undrafted,31795,420,255,2799,6,16,157,443,7,0,0,0,0,0,0.0
138,2006,Bruce Eugene,QB,0.0,Grambling State,0,73,260,5.12,27.5,0.0,94.0,7.97,4.76,0,8,undrafted,42906,30,14,197,0,1,12,-33,0,0,0,0,0,0,0.0
140,2006,Darrell Hackney,QB,0.0,Alabama-Birmingham,College Stats,73,239,4.82,33.0,0.0,110.0,7.62,4.69,0,8,undrafted,45412,386,242,3180,12,22,51,105,1,1,-2,0,3,0,0.0
146,2006,Travis Lulay,QB,0.0,Montana State,0,74,216,4.71,35.0,0.0,111.0,6.93,4.07,0,8,undrafted,54117,34,22,205,0,0,11,4,0,0,0,0,0,0,0.0
151,2006,Erik Meyer,QB,0.0,Eastern Washington,0,73,210,4.67,32.5,0.0,112.0,6.83,4.12,0,8,undrafted,33004,37,23,372,1,2,6,-18,0,0,0,0,0,0,0.0
154,2006,Barrick Nealy,QB,0.0,Texas State,0,76,226,4.57,32.5,0.0,114.0,6.94,4.26,0,8,undrafted,62009,34,26,378,1,3,5,36,1,0,0,0,0,0,0.0
155,2006,Drew Olson,QB,0.0,UCLA,College Stats,74,222,5.09,23.0,0.0,97.0,0.0,4.42,0,8,undrafted,46303,378,242,3198,6,34,50,-48,1,0,0,0,1,0,0.0
156,2006,Paul Pinegar,QB,0.0,Fresno State,College Stats,77,232,5.1,29.0,0.0,110.0,7.36,4.49,0,8,undrafted,31379,416,265,3335,15,30,46,59,3,0,0,0,1,0,0.0
157,2006,Quinton Porter,QB,0.0,Boston College,College Stats,77,233,4.67,33.5,0.0,116.0,6.76,4.1,0,8,undrafted,84452,214,136,1357,7,9,31,9,0,0,0,0,1,0,0.0
18,2007,Isaiah Stanback,QB,0.0,Washington,College Stats,74,216,4.6,0.0,22.0,0.0,0.0,0.0,Dallas Cowboys ,4,drafted,56783,453,244,3461,9,19,185,703,9,1,0,0,0,0,0.0
19,2007,Drew Stanton,QB,10.0,Michigan State,College Stats,75,226,4.75,30.5,0.0,108.0,6.77,4.41,Detroit Lions ,2,drafted,49193,623,400,4884,22,34,231,783,9,1,-6,0,3,0,0.0
23,2007,Troy Smith,QB,6.0,Ohio State,College Stats,73,225,4.72,0.0,0.0,0.0,0.0,0.0,Baltimore Ravens ,5,drafted,44309,548,352,4824,10,46,208,815,12,0,0,0,2,0,0.0
29,2007,JaMarcus Russell,QB,6.0,LSU,College Stats,77,265,4.83,0.0,0.0,0.0,0.0,0.0,Oakland Raiders ,1,drafted,62595,653,420,5572,17,43,113,120,3,0,0,0,4,0,0.0
31,2007,Jeff Rowe,QB,0.0,Nevada,College Stats,77,226,4.91,29.5,0.0,114.0,7.16,4.42,Cincinnati Bengals ,5,drafted,49736,655,413,4832,18,38,212,452,10,0,0,0,3,0,0.0
39,2007,Brady Quinn,QB,2.0,Notre Dame,College Stats,76,232,4.73,0.0,24.0,0.0,0.0,0.0,Cleveland Browns ,1,drafted,60149,917,581,7345,14,69,152,161,3,0,0,0,0,0,0.0
44,2007,Jordan Palmer,QB,0.0,Texas-El Paso,College Stats,78,231,4.98,30.5,0.0,104.0,7.32,4.58,Washington Redskins ,6,drafted,52073,863,540,7098,33,55,103,-136,3,0,0,0,4,0,0.0
45,2007,Tyler Palko,QB,2.0,Pittsburgh,College Stats,73,215,4.83,31.5,0.0,112.0,7.05,4.36,0,8,undrafted,50480,663,413,5263,18,42,136,-62,8,0,0,0,3,0,0.0
58,2007,Kevin Kolb,QB,13.0,Houston,College Stats,75,218,4.85,32.5,0.0,112.0,6.94,4.44,Philadelphia Eagles ,2,drafted,56345,852,546,7067,19,49,215,354,9,0,0,0,4,0,0.0
77,2007,Matt Gutierrez,QB,0.0,Idaho State,College Stats,76,232,5.0,29.5,0.0,108.0,6.99,4.28,0,8,undrafted,49215,22,14,133,0,0,7,3,0,0,0,0,0,0,0.0
77,2007,Matt Gutierrez,QB,0.0,Idaho State,College Stats,76,232,5.0,29.5,0.0,108.0,6.99,4.28,0,8,undrafted,1005498,69,41,534,3,3,8,-21,1,0,0,0,0,0,0.0
84,2007,Trent Edwards,QB,18.0,Stanford,College Stats,76,231,4.76,0.0,19.0,0.0,7.14,4.46,Buffalo Bills ,3,drafted,51683,424,262,2961,13,23,143,190,0,0,0,0,0,0,0.0
105,2007,John Beck,QB,4.0,BYU,College Stats,74,215,4.75,29.5,0.0,111.0,6.81,4.17,Miami Dolphins ,2,drafted,79667,930,620,7594,21,59,123,53,8,1,3,0,1,0,0.0
111,2007,Jared Zabransky,QB,0.0,Boise State,College Stats,74,219,4.56,35.5,0.0,111.0,6.78,4.08,0,8,undrafted,45864,630,393,5149,24,41,205,459,17,0,0,0,0,0,0.0
119,2007,Zac Taylor,QB,0.0,Nebraska,College Stats,74,216,5.06,30.5,0.0,110.0,7.39,4.6,0,8,undrafted,83163,821,470,5850,20,45,136,-73,2,1,-4,0,2,0,0.0
122,2007,Josh Swogger,QB,0.0,Montana,0,76,237,5.12,28.5,0.0,107.0,7.25,4.76,0,8,undrafted,75932,18,9,147,0,1,2,0,0,0,0,0,0,0,0.0
122,2007,Josh Swogger,QB,0.0,Montana,0,76,237,5.12,28.5,0.0,107.0,7.25,4.76,0,8,undrafted,1005899,28,16,123,1,1,6,-9,0,0,0,0,0,0,0.0
124,2007,John Stocco,QB,0.0,Wisconsin,College Stats,74,207,5.08,27.0,0.0,104.0,7.29,4.6,0,8,undrafted,44444,596,355,5105,15,38,134,-111,3,0,0,0,4,0,1.0
139,2007,Luke Getsy,QB,0.0,Akron,College Stats,74,222,4.96,32.5,0.0,106.0,6.95,4.46,0,8,undrafted,85466,905,477,6117,23,41,114,-171,1,1,24,0,0,0,0.0
147,2007,Chris Leak,QB,0.0,Florida,College Stats,73,209,4.74,32.5,0.0,113.0,7.03,4.41,0,8,undrafted,57616,739,467,5581,19,43,182,111,9,0,0,0,1,0,0.0
159,2007,James Pinkney,QB,0.0,East Carolina,College Stats,74,208,4.79,34.0,0.0,112.0,7.35,4.49,0,8,undrafted,56377,763,454,5556,18,26,200,409,11,1,-12,0,1,0,0.0
3,2008,Andre Woodson,QB,0.0,Michigan State,College Stats,76,229,4.85,0.0,0.0,0.0,0.0,0.0,New York Giants ,6,drafted,64431,1190,737,8868,24,77,196,-463,5,1,5,0,1,0,0.0
29,2008,Matt Ryan,QB,150.0,Boston College,College Stats,77,228,4.89,0.0,0.0,0.0,7.4,4.51,Atlanta Falcons ,1,drafted,57746,1275,771,8960,34,54,156,66,11,1,1,0,1,0,0.0
45,2008,Kevin O'Connell,QB,0.0,San Diego State,College Stats,77,225,4.61,31.0,0.0,113.0,7.01,4.38,New England Patriots ,3,drafted,58076,915,549,6361,25,37,321,983,18,2,44,0,2,0,0.0
76,2008,Chad Henne,QB,29.0,Michigan,College Stats,75,230,4.92,25.5,0.0,106.0,7.17,4.4,Miami Dolphins ,2,drafted,74115,988,588,6972,25,62,125,-178,1,0,0,0,3,0,0.0
91,2008,Matt Flynn,QB,8.0,LSU,College Stats,74,231,4.79,28.0,0.0,109.0,7.21,4.34,Green Bay Packers ,7,drafted,62597,427,241,2997,13,30,125,345,5,1,35,0,0,0,0.0
92,2008,Joe Flacco,QB,106.0,Delaware,College Stats,78,236,4.84,28.5,0.0,110.0,6.82,4.27,Baltimore Ravens ,1,drafted,1012671,41,30,434,0,4,2,-14,0,0,0,0,0,0,0.0
99,2008,Dennis Dixon,QB,2.0,Oregon,College Stats,75,195,4.58,0.0,0.0,0.0,0.0,0.0,Pittsburgh Steelers ,5,drafted,77003,679,437,5049,21,38,248,1175,12,0,0,0,2,0,0.0
118,2008,Brian Brohm,QB,0.0,Louisville,College Stats,75,230,4.81,30.0,0.0,115.0,7.13,4.55,Green Bay Packers ,2,drafted,73808,1088,714,9956,22,65,144,-37,7,2,1,0,1,0,0.0
119,2008,Alex Brink,QB,0.0,Washington State,College Stats,74,211,4.96,28.0,0.0,112.0,7.22,4.19,Houston Texans ,7,drafted,64890,1257,751,9608,38,69,197,148,4,1,4,1,3,0,0.0
120,2008,Colt Brennan,QB,0.0,Hawaii,College Stats,74,207,4.79,0.0,0.0,0.0,0.0,0.0,Washington Redskins ,6,drafted,84992,1584,1115,14193,42,131,267,547,15,0,0,0,1,0,0.0
122,2008,John David Booty,QB,0.0,Southern California,College Stats,74,218,4.82,22.5,0.0,99.0,0.0,4.58,0,8,undrafted,56615,816,509,5988,21,55,60,-170,2,0,0,0,1,0,0.0
134,2008,Erik Ainge,QB,0.0,Tennessee,College Stats,77,225,4.98,21.5,0.0,108.0,7.51,4.6,New York Jets ,5,drafted,75071,1012,624,7248,26,55,67,-206,1,0,0,0,2,0,0.0
135,2008,Kyle Wright,QB,0.0,Miami (FL),College Stats,75,218,4.85,25.5,0.0,105.0,7.34,4.32,0,8,undrafted,59912,798,473,5805,31,38,200,-56,4,0,0,0,0,0,0.0
135,2008,Kyle Wright,QB,0.0,Miami (FL),College Stats,75,218,4.85,25.5,0.0,105.0,7.34,4.32,0,8,undrafted,83503,39,15,148,1,2,9,-42,0,0,0,0,0,0,0.0
137,2008,Adam Tafralis,QB,0.0,San Jose State,College Stats,73,221,4.78,32.0,0.0,108.0,7.14,4.33,0,8,undrafted,59620,962,574,7116,28,50,212,511,7,3,25,0,4,0,0.0
140,2008,Paul Smith,QB,0.0,Tulsa,College Stats,73,208,4.95,26.5,0.0,111.0,7.02,4.29,0,8,undrafted,55984,1258,787,10639,34,82,317,665,27,0,0,0,2,0,0.0
163,2008,Sam Keller,QB,0.0,Nebraska,College Stats,76,241,4.99,24.0,0.0,107.0,7.07,4.35,0,8,undrafted,61840,589,360,4587,19,34,45,-172,1,0,0,0,2,0,0.0
167,2008,Anthony Morelli,QB,0.0,Penn State,College Stats,76,231,5.07,26.5,16.0,108.0,7.43,4.6,0,8,undrafted,85990,808,455,5230,18,31,91,-109,1,0,0,0,0,0,0.0
168,2008,Bernard Morris,QB,0.0,Marshall,College Stats,75,223,4.68,24.5,18.0,109.0,0.0,0.0,0,8,undrafted,59474,802,483,5616,28,31,287,1068,10,2,-5,0,1,0,0.0
169,2008,T.C. Ostrander,QB,0.0,Stanford,College Stats,74,227,4.92,0.0,0.0,0.0,0.0,0.0,0,8,undrafted,62158,454,241,2869,9,11,98,-382,0,0,0,0,0,0,0.0
1,2009,John Parker Wilson,QB,0.0,Alabama,College Stats,73,219,4.75,29.5,0.0,105.0,7.53,4.59,0,8,undrafted,84902,1175,665,7924,30,47,238,175,11,1,-4,0,3,0,0.0
4,2009,Drew Willy,QB,0.0,Buffalo,College Stats,75,215,4.9,30.5,0.0,109.0,7.18,4.45,0,8,undrafted,78338,1322,849,8748,30,52,275,-193,7,1,-17,0,0,0,0.0
6,2009,Pat White,QB,1.0,West Virginia,College Stats,73,197,4.55,35.0,0.0,117.0,7.06,4.42,Miami Dolphins ,2,drafted,84069,783,507,6049,23,56,684,4480,47,0,0,0,2,0,0.0
20,2009,Matthew Stafford,QB,101.0,Georgia,College Stats,74,225,4.81,30.5,0.0,107.0,7.06,4.47,Detroit Lions ,1,drafted,1001227,987,564,7731,33,51,141,213,6,1,-6,0,2,0,0.0
28,2009,Mark Sanchez,QB,38.0,Southern California,College Stats,74,227,4.93,32.5,0.0,116.0,7.06,4.21,New York Jets ,1,drafted,80972,487,313,3965,16,41,70,33,4,0,0,0,0,0,0.0
38,2009,Curtis Painter,QB,2.0,Purdue,College Stats,75,225,4.87,29.0,0.0,102.0,7.0,4.48,Indianapolis Colts ,6,drafted,70907,1648,987,11163,46,67,225,343,13,1,19,0,4,0,0.0
57,2009,Stephen McGee,QB,2.0,Texas A&M,College Stats,75,225,4.61,33.0,0.0,112.0,7.34,4.49,Dallas Cowboys ,4,drafted,69613,815,485,5475,13,28,387,1750,11,1,12,0,4,0,0.0
78,2009,Brian Hoyer,QB,24.0,Michigan State,College Stats,74,215,5.02,32.0,0.0,109.0,7.1,4.42,0,8,undrafted,84654,896,500,6159,23,35,105,-229,2,1,24,0,2,0,0.0
84,2009,Graham Harrell,QB,0.0,Texas Tech,College Stats,74,223,4.95,29.5,0.0,98.0,7.45,4.56,0,8,undrafted,85839,2011,1403,15793,34,134,113,-182,12,1,-1,0,0,0,0.0
92,2009,Josh Freeman,QB,41.0,Kansas State,College Stats,78,248,4.9,33.5,0.0,119.0,7.11,4.43,Tampa Bay Buccaneers ,1,drafted,1001547,1151,680,8078,34,44,214,343,20,0,0,0,3,0,0.0
102,2009,Nate Davis,QB,0.0,Ball State,College Stats,73,226,4.95,26.5,0.0,99.0,0.0,0.0,San Francisco 49ers ,5,drafted,1000275,1124,678,9233,22,74,173,499,10,3,28,1,1,0,0.0
105,2009,Chase Daniel,QB,2.0,Missouri,College Stats,73,218,4.79,33.0,0.0,0.0,7.28,4.31,0,8,undrafted,84632,1610,1094,12515,41,101,363,981,10,0,0,0,1,0,0.0
113,2009,Rudy Carpenter,QB,0.0,Arizona State,College Stats,74,218,4.89,29.0,11.0,100.0,7.25,4.47,0,8,undrafted,69289,1309,799,10491,35,81,271,-295,2,3,-14,0,1,0,0.0
114,2009,Hunter Cantwell,QB,0.0,Louisville,College Stats,76,235,5.22,26.0,0.0,99.0,7.4,4.59,0,8,undrafted,82433,534,313,3912,23,26,56,-183,1,0,0,0,1,0,0.0
123,2009,Tom Brandstater,QB,0.0,Fresno State,College Stats,77,220,4.87,28.5,0.0,106.0,6.93,4.37,Denver Broncos ,6,drafted,70203,989,584,6857,32,47,132,152,8,0,0,0,2,0,0.0
126,2009,Rhett Bomar,QB,0.0,Sam Houston State,0,74,225,4.7,0.0,25.0,106.0,6.91,4.06,New York Giants ,5,drafted,72598,308,167,2018,10,10,89,184,4,0,0,0,0,0,0.0
126,2009,Rhett Bomar,QB,0.0,Sam Houston State,0,74,225,4.7,0.0,25.0,106.0,6.91,4.06,New York Giants ,5,drafted,1006709,95,48,610,4,1,20,48,1,0,0,0,0,0,0.0
142,2009,Nathan Brown,QB,0.0,Central Arkansas,0,73,219,4.86,30.5,0.0,106.0,7.43,4.44,0,8,undrafted,1014653,74,50,576,4,4,21,32,0,0,0,0,0,0,0.0
149,2009,Cullen Harper,QB,0.0,Clemson,College Stats,75,225,4.86,30.0,19.0,105.0,7.43,4.49,0,8,undrafted,70506,815,518,5762,20,42,131,-213,5,0,0,0,2,0,0.0
150,2009,Chase Holbrook,QB,0.0,New Mexico State,College Stats,76,242,5.12,27.0,0.0,108.0,7.93,4.65,0,8,undrafted,83259,1566,1086,11846,41,85,216,-269,8,0,0,0,3,0,0.0
19,2010,Tim Tebow,QB,12.0,Florida,College Stats,75,236,4.71,38.5,0.0,115.0,6.66,4.17,Denver Broncos ,1,drafted,1001120,995,661,9285,16,88,692,2947,57,0,0,0,3,0,0.0
30,2010,Zac Robinson,QB,0.0,Oklahoma State,College Stats,74,214,4.68,35.0,0.0,110.0,7.24,4.4,New England Patriots ,7,drafted,1002851,982,600,8159,31,65,418,1838,22,1,21,0,5,0,0.0
36,2010,Tony Pike,QB,0.0,Cincinnati,College Stats,78,223,4.9,28.5,0.0,108.0,7.06,4.53,Carolina Panthers ,6,drafted,78445,682,421,5018,20,49,94,128,3,0,0,0,2,0,0.0
50,2010,Colt McCoy,QB,13.0,Texas,College Stats,73,216,4.79,0.0,0.0,114.0,0.0,0.0,Cleveland Browns ,3,drafted,83447,1645,1157,13253,45,112,447,1571,20,0,0,0,2,0,0.0
55,2010,Thaddeus Lewis,QB,4.0,Duke,College Stats,73,215,4.84,28.0,0.0,107.0,0.0,0.0,0,8,undrafted,1000915,1510,877,10065,40,67,350,-78,9,0,0,0,5,0,0.0
56,2010,Dan LeFevour,QB,0.0,Central Michigan,College Stats,75,230,4.6,29.5,0.0,110.0,6.93,4.22,Chicago Bears ,6,drafted,79972,1762,1171,12905,36,102,672,2949,47,3,58,1,5,0,0.0
60,2010,Mike Kafka,QB,0.0,Northwestern,College Stats,75,225,4.93,32.0,0.0,110.0,6.96,4.37,Philadelphia Eagles ,4,drafted,81446,637,408,4265,20,19,268,891,11,1,24,1,1,0,0.0
76,2010,Max Hall,QB,1.0,BYU,College Stats,73,209,4.84,32.0,0.0,102.0,7.07,4.35,0,8,undrafted,1000470,1382,903,11365,40,94,190,199,7,0,0,0,4,0,0.0
102,2010,Jimmy Clausen,QB,3.0,Notre Dame,College Stats,75,222,4.76,0.0,0.0,0.0,0.0,0.0,Carolina Panthers ,2,drafted,1010448,1110,695,8148,27,60,175,-355,5,0,0,0,1,0,0.0
105,2010,Sean Canfield,QB,0.0,Oregon State,College Stats,76,223,4.93,29.5,0.0,100.0,7.26,4.39,New Orleans Saints ,7,drafted,81622,861,552,5970,26,38,93,-313,3,0,0,0,3,0,0.0
111,2010,Levi Brown,QB,0.0,Troy,College Stats,75,229,4.93,31.5,20.0,106.0,7.07,4.43,Buffalo Bills ,7,drafted,1011455,830,522,6284,12,38,87,24,1,1,17,0,0,0,0.0
112,2010,Jarrett Brown,QB,0.0,West Virginia,College Stats,75,224,4.5,34.5,0.0,114.0,7.24,4.39,0,8,undrafted,84040,421,268,2983,13,16,234,1138,13,1,-1,0,0,0,0.0
116,2010,Sam Bradford,QB,48.0,Oklahoma,College Stats,76,236,4.79,0.0,0.0,0.0,0.0,0.0,St. Louis Rams ,1,drafted,1002906,893,604,8403,16,88,77,36,5,0,0,0,2,0,0.0
129,2010,Jevan Snead,QB,0.0,Mississippi,College Stats,75,219,5.04,33.0,0.0,106.0,7.08,4.33,0,8,undrafted,1003781,727,401,5765,35,48,135,263,7,2,42,0,2,0,0.0
130,2010,Riley Skinner,QB,0.0,Wake Forest,College Stats,73,214,5.05,30.0,0.0,101.0,7.04,4.29,0,8,undrafted,79447,1349,903,9762,37,60,287,161,4,5,69,1,1,0,0.0
138,2010,Daryll Clark,QB,0.0,Penn State,College Stats,74,235,4.72,0.0,21.0,0.0,0.0,0.0,0,8,undrafted,1003019,738,444,5747,16,43,190,619,22,0,0,0,1,0,0.0
142,2010,Tim Hiller,QB,0.0,Western Michigan,College Stats,76,229,4.97,32.5,18.0,118.0,7.1,4.54,0,8,undrafted,87056,1607,1013,11329,41,99,165,-109,4,0,1,0,4,0,0.0
3,2011,T.J. Yates,QB,6.0,North Carolina,College Stats,75,219,5.06,29.5,0.0,104.0,6.96,4.12,Houston Texans ,5,drafted,1002277,1277,795,9377,46,58,220,-333,7,0,0,0,2,0,0.0
12,2011,Scott Tolzien,QB,3.0,Wisconsin,College Stats,74,212,4.92,29.5,0.0,116.0,6.84,4.12,0,8,undrafted,1004627,602,410,5271,18,32,88,-9,3,0,0,0,1,0,0.0
17,2011,Tyrod Taylor,QB,41.0,Virginia Tech,College Stats,73,217,4.47,37.5,0.0,126.0,6.78,4.09,Baltimore Ravens ,6,drafted,1011843,865,495,7017,20,44,501,2196,23,0,0,0,3,0,0.0
20,2011,Ricky Stanzi,QB,0.0,Iowa,College Stats,76,223,4.87,32.5,0.0,110.0,6.95,4.43,Kansas City Chiefs ,5,drafted,1009318,907,542,7377,31,56,160,-4,2,1,-1,0,0,0,0.0
49,2011,Josh Portis,QB,0.0,California (PA),0,75,211,4.59,40.0,0.0,126.0,6.84,4.12,0,8,undrafted,83623,14,7,85,1,0,60,349,1,0,0,0,0,0,0.0
50,2011,Christian Ponder,QB,23.0,Florida State,College Stats,74,229,4.63,34.0,0.0,116.0,6.85,4.09,Minnesota Vikings ,1,drafted,1001081,964,595,6873,30,49,296,833,10,0,0,0,4,0,1.0
65,2011,Greg McElroy,QB,1.0,Alabama,College Stats,74,220,4.84,33.0,0.0,107.0,7.11,4.45,New York Jets ,7,drafted,1000032,658,436,5691,10,39,114,71,2,0,0,0,0,0,0.0
67,2011,Ryan Mallett,QB,4.0,Arkansas,College Stats,79,253,5.37,24.0,0.0,103.0,0.0,0.0,New England Patriots ,3,drafted,1009844,955,552,8385,24,69,135,-141,7,0,0,0,2,0,0.0
71,2011,Jake Locker,QB,16.0,Washington,College Stats,74,231,4.51,35.0,0.0,120.0,6.77,4.12,Tennessee Titans ,1,drafted,1004473,1148,619,7639,35,53,454,1939,29,2,31,0,4,0,0.0
79,2011,Colin Kaepernick,QB,49.0,Nevada,College Stats,77,233,4.53,32.5,0.0,115.0,6.85,4.18,San Francisco 49ers ,2,drafted,1002417,1272,741,10098,24,82,602,4109,59,1,6,1,1,0,0.0
83,2011,Jerrod Johnson,QB,0.0,Texas A&M,College Stats,77,251,4.75,29.0,0.0,119.0,7.28,4.31,0,8,undrafted,1003643,1109,650,8011,27,67,331,877,16,2,41,0,1,0,0.0
114,2011,Blaine Gabbert,QB,15.0,Missouri,College Stats,76,234,4.61,33.5,0.0,120.0,6.84,4.26,Jacksonville Jaguars ,1,drafted,1017263,933,568,6822,18,40,221,458,8,1,-10,0,5,0,0.0
118,2011,Nathan Enderle,QB,0.0,Idaho,College Stats,76,240,5.12,25.5,0.0,102.0,7.13,4.46,Chicago Bears ,5,drafted,1001327,1425,777,10062,60,74,228,-350,3,2,-6,0,4,0,0.0
122,2011,Pat Devlin,QB,0.0,Delaware,0,75,225,4.81,33.0,0.0,116.0,7.08,4.32,0,8,undrafted,1003045,48,25,459,0,4,10,2,2,0,0,0,0,0,0.0
122,2011,Pat Devlin,QB,0.0,Delaware,0,75,225,4.81,33.0,0.0,116.0,7.08,4.32,0,8,undrafted,1030559,26,17,194,0,0,7,10,0,0,0,0,0,0,0.0
124,2011,Andy Dalton,QB,83.0,TCU,College Stats,74,215,4.83,29.5,0.0,106.0,6.93,4.27,Cincinnati Bengals ,2,drafted,1011254,1317,812,10314,30,71,413,1611,22,1,27,0,1,0,0.0
158,2011,Ryan Colburn,QB,0.0,Fresno State,College Stats,75,233,5.12,0.0,0.0,0.0,6.84,4.28,0,8,undrafted,1000541,663,412,5334,20,42,162,248,5,0,0,0,4,0,0.0
7,2012,Russell Wilson,QB,100.0,Wisconsin,College Stats,71,204,4.53,34.0,0.0,118.0,6.97,4.09,Seattle Seahawks ,3,drafted,1010277,1488,907,11720,30,109,442,1408,23,5,83,1,4,0,0.0
11,2012,Brandon Weeden,QB,15.0,Oklahoma State,College Stats,75,221,4.89,0.0,0.0,0.0,0.0,0.0,Cleveland Browns ,1,drafted,1010539,1102,766,9260,27,75,39,-150,1,0,0,0,1,0,0.0
19,2012,Ryan Tannehill,QB,55.0,Texas A&M,College Stats,76,221,4.65,0.0,0.0,0.0,0.0,0.0,Miami Dolphins ,1,drafted,1011231,773,484,5450,21,42,115,369,5,112,1596,10,3,0,0.0
44,2012,Brock Osweiler,QB,12.0,Arizona State,College Stats,79,242,4.83,0.0,0.0,0.0,0.0,0.0,Denver Broncos ,2,drafted,1022956,680,412,5082,15,33,137,221,4,0,0,0,1,0,0.0
50,2012,Kellen Moore,QB,2.0,Boise State,College Stats,73,197,4.82,27.0,0.0,99.0,7.41,4.56,0,8,undrafted,1008266,1659,1157,14683,28,142,102,-137,3,1,7,1,1,0,0.0
63,2012,Andrew Luck,QB,64.0,Stanford,College Stats,76,234,4.59,36.0,0.0,124.0,6.8,4.28,Indianapolis Colts ,1,drafted,1018393,1064,713,9424,22,82,164,957,7,2,24,0,3,0,0.0
65,2012,Ryan Lindley,QB,-4.0,San Diego State,College Stats,76,229,4.86,29.5,0.0,108.0,7.52,4.45,Arizona Cardinals ,6,drafted,1010838,1733,962,12700,47,90,90,-275,2,0,0,0,0,0,0.0
69,2012,Case Keenum,QB,24.0,Houston,College Stats,73,208,4.72,32.5,0.0,103.0,0.0,0.0,0,8,undrafted,1001278,2224,1541,19171,46,155,300,897,23,0,0,0,2,0,0.0
88,2012,Chandler Harnish,QB,0.0,Northern Illinois,College Stats,74,219,4.68,32.5,0.0,112.0,6.78,4.15,Indianapolis Colts ,7,drafted,1010361,1110,687,8944,26,68,538,3001,24,0,0,0,0,0,0.0
93,2012,Robert Griffin,QB,36.0,Baylor,College Stats,74,223,4.33,39.0,0.0,120.0,0.0,0.0,Washington Redskins ,1,drafted,1015536,1192,800,10366,17,78,528,2254,33,3,24,0,1,0,0.0
103,2012,Nick Foles,QB,26.0,Arizona,College Stats,77,243,5.03,30.5,0.0,112.0,0.0,0.0,Philadelphia Eagles ,3,drafted,1009818,1394,935,10042,33,67,105,-289,4,1,-9,0,1,0,0.0
112,2012,Austin Davis,QB,6.0,Southern Miss,College Stats,74,219,4.69,31.0,0.0,109.0,6.73,4.11,0,8,undrafted,1018298,1527,933,10892,27,83,460,1375,25,2,25,1,13,0,0.0
116,2012,Kirk Cousins,QB,43.0,Michigan State,College Stats,75,214,4.84,28.5,0.0,109.0,7.05,4.5,Washington Redskins ,4,drafted,1009835,1128,723,9131,30,66,111,-127,1,1,2,0,3,0,0.0
120,2012,B.J. Coleman,QB,0.0,Chattanooga,0,75,233,4.94,0.0,0.0,109.0,7.07,4.38,Green Bay Packers ,7,drafted,1011200,8,4,21,1,0,7,17,0,0,0,0,0,0,0.0
120,2012,B.J. Coleman,QB,0.0,Chattanooga,0,75,233,4.94,0.0,0.0,109.0,7.07,4.38,Green Bay Packers ,7,drafted,1030679,97,46,420,3,2,4,-29,0,0,0,0,0,0,0.0
142,2012,Patrick Witt,QB,0.0,Yale,0,75,225,5.06,31.5,0.0,101.0,7.14,4.37,0,8,undrafted,1010117,8,6,48,0,0,4,20,1,0,0,0,0,0,0.0
144,2012,Darron Thomas,QB,0.0,Oregon,College Stats,75,220,4.77,36.0,14.0,121.0,7.17,4.28,0,8,undrafted,1017920,732,448,5892,17,66,162,719,9,2,4,0,2,0,0.0
148,2012,Aaron Corp,QB,0.0,Richmond,0,75,215,4.61,31.5,0.0,106.0,7.03,4.3,0,8,undrafted,1010970,30,19,169,1,1,4,7,0,0,0,0,0,0,0.0
148,2012,Aaron Corp,QB,0.0,Richmond,0,75,215,4.61,31.5,0.0,106.0,7.03,4.3,0,8,undrafted,1035872,63,32,376,2,1,4,40,0,0,0,0,1,0,0.0
152,2012,Jacory Harris,QB,0.0,Miami (FL),College Stats,75,203,4.65,37.0,0.0,113.0,7.1,4.4,0,8,undrafted,1017016,1170,703,8826,48,70,175,-3,5,1,17,0,1,0,0.0
153,2012,Jordan Jefferson,QB,0.0,LSU,College Stats,76,223,4.58,36.5,14.0,116.0,6.81,4.06,0,8,undrafted,1016820,678,397,4733,20,34,359,1018,12,0,0,0,3,0,0.0
5,2013,Tyler Wilson,QB,0.0,Arkansas,College Stats,74,215,4.95,28.5,0.0,112.0,7.22,4.39,Oakland Raiders ,4,drafted,1015456,948,593,7765,26,52,110,-44,4,0,0,0,1,0,0.0
34,2013,Brad Sorensen,QB,0.0,Southern Utah,0,76,229,4.97,29.0,0.0,112.0,7.17,4.55,San Diego Chargers ,7,drafted,1036177,184,104,1046,4,5,29,5,0,0,0,0,0,0,0.0
36,2013,Geno Smith,QB,16.0,West Virginia,College Stats,74,218,4.58,33.5,0.0,124.0,0.0,0.0,New York Jets ,2,drafted,1027036,1460,984,11655,21,98,248,358,4,0,0,0,1,0,0.0
38,2013,Matt Scott,QB,0.0,Arizona,College Stats,74,213,4.69,31.0,0.0,118.0,6.69,3.99,0,8,undrafted,1015374,685,418,4941,19,33,212,1138,8,0,0,0,5,0,0.0
45,2013,Sean Renfree,QB,0.0,Duke,College Stats,75,219,4.76,0.0,0.0,0.0,0.0,0.0,Atlanta Falcons ,7,drafted,1016078,1389,897,9456,40,51,154,-169,9,0,0,0,2,0,0.0
57,2013,Ryan Nassib,QB,0.0,Syracuse,College Stats,74,227,5.06,28.5,0.0,105.0,7.34,4.53,New York Giants ,4,drafted,1018424,1313,792,9194,28,70,243,163,5,1,-4,0,0,0,0.0
67,2013,E.J. Manuel,QB,11.0,Florida State,College Stats,77,237,4.65,34.0,0.0,118.0,7.08,4.21,Buffalo Bills ,1,drafted,1016260,897,600,7724,28,47,297,832,11,0,11,0,2,0,0.0
75,2013,Collin Klein,QB,0.0,Kansas State,College Stats,77,226,4.78,29.0,0.0,111.0,7.17,4.4,0,8,undrafted,1016656,604,370,4729,15,30,601,2490,56,6,38,1,1,0,0.0
80,2013,Landry Jones,QB,4.0,Oklahoma,College Stats,76,225,5.11,31.0,0.0,115.0,7.12,4.3,Pittsburgh Steelers ,4,drafted,1017836,2183,1388,16651,52,123,132,-375,3,0,0,0,0,0,0.0
96,2013,MarQueis Gray,QB,2.0,Minnesota,College Stats,75,240,4.65,30.0,15.0,111.0,7.25,4.3,0,8,undrafted,1017172,293,150,2053,11,14,341,1731,12,60,766,6,1,0,0.0
100,2013,Mike Glennon,QB,13.0,North Carolina State,College Stats,79,225,4.94,26.5,0.0,102.0,7.49,4.52,Tampa Bay Buccaneers ,3,drafted,1017547,1069,646,7411,31,63,112,-292,3,0,0,0,2,0,0.0
117,2013,Zac Dysert,QB,0.0,Miami (OH),College Stats,75,231,4.81,0.0,0.0,0.0,0.0,0.0,Denver Broncos ,7,drafted,1016996,1672,1066,12013,51,73,460,669,12,0,0,0,6,0,0.0
125,2013,Colby Cameron,QB,0.0,Louisiana Tech,College Stats,74,212,4.78,30.5,0.0,112.0,6.98,4.28,0,8,undrafted,1016822,853,544,6399,13,45,139,422,5,0,0,0,1,0,0.0
129,2013,Tyler Bray,QB,0.0,Tennessee,College Stats,78,232,5.05,0.0,0.0,100.0,7.2,4.51,0,8,undrafted,1034136,922,540,7444,28,69,61,-207,1,0,0,0,1,0,0.0
139,2013,Matt Barkley,QB,2.0,Southern California,College Stats,74,227,4.91,0.0,0.0,0.0,0.0,0.0,Philadelphia Eagles ,4,drafted,1026022,1562,1001,12327,48,116,132,-113,6,0,0,0,2,0,0.0
152,2013,James Vandenberg,QB,0.0,Iowa,College Stats,75,226,4.92,32.0,0.0,116.0,6.95,4.52,0,8,undrafted,1016628,888,507,5786,20,35,158,67,7,0,0,0,1,0,0.0
8,2014,Keith Wenning,QB,0.0,Ball State,College Stats,75,218,5.0,28.0,0.0,100.0,7.07,4.25,Baltimore Ravens ,6,drafted,1031106,1642,1035,11402,42,92,190,328,13,2,29,1,2,0,0.0
17,2014,Logan Thomas,QB,1.0,Virginia Tech,College Stats,78,248,4.61,35.5,0.0,118.0,7.05,4.18,Arizona Cardinals ,4,drafted,1026854,1249,694,9005,39,53,494,1362,24,2,11,1,4,0,0.0
28,2014,Connor Shaw,QB,0.0,South Carolina,College Stats,73,206,4.66,34.0,0.0,116.0,7.07,4.33,0,8,undrafted,1033777,733,480,6074,16,56,452,1683,17,1,9,1,0,0,0.0
32,2014,Tom Savage,QB,4.0,Pittsburgh,College Stats,76,228,4.97,27.0,0.0,105.0,7.33,4.36,Houston Texans ,4,drafted,1025844,757,430,5690,19,37,167,-319,4,1,-2,0,1,0,0.0
41,2014,Bryn Renner,QB,0.0,North Carolina,College Stats,75,228,4.87,25.5,0.0,108.0,7.22,4.3,0,8,undrafted,1025034,1005,668,8221,25,64,164,-93,4,1,26,0,4,0,0.0
50,2014,Aaron Murray,QB,0.0,Georgia,College Stats,73,207,4.84,0.0,0.0,0.0,0.0,0.0,Kansas City Chiefs ,5,drafted,1024001,1478,921,13166,41,121,286,396,16,1,-3,0,0,0,0.0
53,2014,Stephen Morris,QB,0.0,Miami (FL),College Stats,74,213,4.63,30.0,0.0,111.0,7.36,4.49,0,8,undrafted,1032640,955,551,7896,30,49,114,70,3,3,10,0,2,0,0.0
57,2014,Zach Mettenberger,QB,1.0,LSU,College Stats,77,224,0.0,0.0,0.0,0.0,0.0,0.0,Tennessee Titans ,6,drafted,1024026,659,407,5783,15,35,83,-313,0,0,0,0,0,0,0.0
59,2014,A.J. McCarron,QB,3.0,Alabama,College Stats,75,220,4.94,28.0,0.0,99.0,7.18,4.34,Cincinnati Bengals ,5,drafted,1022888,1026,686,9019,15,77,119,-50,3,0,0,0,2,0,0.0
64,2014,Johnny Manziel,QB,5.0,Texas A&M,College Stats,73,207,4.68,31.5,0.0,113.0,6.75,4.03,Cleveland Browns ,1,drafted,1041700,863,595,7820,22,63,345,2169,30,0,0,0,1,0,0.0
65,2014,Jordan Lynch,QB,0.0,Northern Illinois,College Stats,73,217,4.76,29.5,0.0,109.0,6.55,4.2,0,8,undrafted,1025368,824,509,6209,14,51,662,4343,48,1,17,1,3,0,0.0
103,2014,Jimmy Garoppolo,QB,8.0,Eastern Illinois,0,74,226,4.97,30.5,0.0,110.0,7.04,4.26,New England Patriots ,2,drafted,1035232,152,94,1245,5,11,26,-28,0,0,0,0,0,0,0.0
114,2014,David Fales,QB,1.0,San Jose State,College Stats,74,212,4.99,28.0,0.0,103.0,7.55,4.5,Chicago Bears ,6,drafted,1025146,938,639,8382,22,66,90,-132,2,0,0,0,0,0,0.0
130,2014,Derek Carr,QB,40.0,Fresno State,College Stats,74,214,4.69,34.5,0.0,110.0,0.0,4.2,Oakland Raiders ,2,drafted,1022030,132,70,768,5,3,8,-5,0,1,19,0,0,0,0.0
130,2014,Derek Carr,QB,40.0,Fresno State,College Stats,74,214,4.69,34.5,0.0,110.0,0.0,4.2,Oakland Raiders ,2,drafted,1023413,1630,1087,12843,24,113,164,190,5,1,-1,0,2,0,0.0
139,2014,Teddy Bridgewater,QB,22.0,Louisville,College Stats,74,214,0.0,30.0,0.0,113.0,7.17,4.2,Minnesota Vikings ,1,drafted,1040051,1142,781,9817,24,72,226,170,6,0,0,0,1,0,0.0
140,2014,Tajh Boyd,QB,0.0,Clemson,College Stats,73,222,4.84,30.5,0.0,106.0,7.33,4.23,New York Jets ,6,drafted,1023603,1402,901,11904,39,107,505,1176,26,0,0,0,2,0,0.0
142,2014,Blake Bortles,QB,42.0,Central Florida,College Stats,77,232,4.93,32.5,0.0,115.0,7.08,4.21,Jacksonville Jaguars ,1,drafted,1031467,891,585,7598,19,56,194,561,15,1,-3,0,2,0,0.0
3,2015,Jameis Winston,QB,35.0,Florida State,College Stats,76,231,4.97,28.5,0.0,103.0,7.16,4.36,Tampa Bay Buccaneers ,1,drafted,1047159,384,257,4057,10,40,88,219,4,0,0,0,0,0,0.0
33,2015,Bryce Petty,QB,4.0,Baylor,College Stats,75,230,4.87,34.0,0.0,121.0,6.91,4.13,New York Jets ,4,drafted,1031136,417,260,4340,3,33,108,237,15,0,0,0,0,0,0.0
50,2015,Marcus Mariota,QB,34.0,Oregon,College Stats,76,222,4.52,36.0,0.0,121.0,6.87,4.11,Tennessee Titans ,1,drafted,1041116,722,475,6342,10,63,202,1467,14,1,2,1,1,0,0.0
51,2015,Sean Mannion,QB,1.0,Oregon State,College Stats,78,229,5.14,31.0,0.0,105.0,7.29,4.39,St. Louis Rams ,3,drafted,1033501,1386,905,10436,46,68,84,-498,1,1,6,0,1,0,0.0
65,2015,Brett Hundley,QB,5.0,UCLA,College Stats,75,226,4.63,36.0,0.0,120.0,6.93,3.98,Green Bay Packers ,5,drafted,1038964,849,566,6811,20,53,320,1103,20,1,7,1,1,0,0.0
77,2015,Connor Halliday,QB,0.0,Washington State,College Stats,75,204,4.87,0.0,0.0,0.0,0.0,0.0,0,8,undrafted,1034855,1108,660,7436,39,58,82,-346,0,0,0,0,1,0,0.0
82,2015,Garrett Grayson,QB,0.0,Colorado State,College Stats,74,213,4.75,0.0,0.0,0.0,0.0,0.0,New Orleans Saints ,3,drafted,1039138,693,418,5184,20,32,154,340,4,2,-8,0,0,0,0.0
92,2015,Cody Fajardo,QB,0.0,Nevada,College Stats,73,223,4.63,32.5,0.0,118.0,6.95,4.1,0,8,undrafted,1033042,942,638,7126,18,39,459,2436,31,0,0,0,1,0,0.0
116,2015,Shane Carden,QB,0.0,East Carolina,College Stats,74,218,4.94,29.5,0.0,104.0,7.17,4.45,0,8,undrafted,1031730,962,660,7255,20,56,175,177,18,1,14,1,1,0,0.0
124,2015,Brandon Bridge,QB,0.0,South Alabama,College Stats,76,229,4.72,33.0,0.0,110.0,7.18,4.37,0,8,undrafted,1038092,90,42,591,2,2,47,247,2,0,0,0,0,0,0.0
126,2015,Anthony Boone,QB,0.0,Duke,College Stats,73,231,5.03,26.5,0.0,100.0,7.47,4.62,0,8,undrafted,1031697,470,286,3098,16,19,136,425,11,1,21,0,0,0,0.0
143,2015,Bryan Bennett,QB,0.0,Southeastern Louisiana,0,74,211,4.81,37.0,0.0,125.0,7.13,4.2,0,8,undrafted,1033527,106,57,712,5,10,80,497,7,0,0,0,3,0,0.0
156,2015,Jerry Lovelocke,QB,0.0,Prairie View A&M,0,76,248,4.99,31.5,0.0,113.0,7.3,4.51,0,8,undrafted,1060188,27,16,109,0,0,0,0,0,0,0,0,0,0,0.0
23,2016,Nate Sudfeld,QB,1.0,Indiana,College Stats,78,234,5.02,29.0,0.0,105.0,0.0,0.0,Washington Redskins ,6,drafted,1047449,404,245,3155,10,28,53,-27,1,0,0,0,1,0,0.0
24,2016,Joel Stave,QB,0.0,Wisconsin,College Stats,77,236,4.8,33.5,0.0,115.0,7.29,4.33,0,8,undrafted,1042573,455,278,3598,16,28,57,-75,1,0,0,0,0,0,0.0
40,2016,Dak Prescott,QB,29.0,Mississippi State,College Stats,74,226,4.79,32.5,0.0,116.0,7.11,4.32,Dallas Cowboys ,4,drafted,1040385,296,174,2134,7,14,166,947,17,2,53,2,0,0,0.0
60,2016,Paxton Lynch,QB,2.0,Memphis,College Stats,79,244,4.86,36.0,0.0,118.0,7.14,4.26,Denver Broncos ,1,drafted,1047908,349,203,2056,10,9,88,127,2,0,0,0,2,0,0.0
68,2016,Cody Kessler,QB,3.0,Southern California,College Stats,73,220,4.89,29.5,0.0,104.0,7.32,4.0,Cleveland Browns ,3,drafted,1041427,364,238,2976,7,20,42,-124,1,0,0,0,0,0,0.0
71,2016,Cardale Jones,QB,0.0,Ohio State,College Stats,77,253,4.81,36.0,0.0,0.0,0.0,0.0,Buffalo Bills ,4,drafted,1048696,2,1,3,0,0,17,128,1,0,0,0,0,0,0.0
79,2016,Kevin Hogan,QB,2.0,Stanford,College Stats,75,218,4.78,32.5,0.0,113.0,6.9,4.31,Kansas City Chiefs ,5,drafted,1041576,447,289,3731,13,29,138,610,4,0,0,0,0,0,0.0
86,2016,Christian Hackenberg,QB,0.0,Penn State,College Stats,76,223,4.78,31.0,0.0,114.0,7.04,4.33,New York Jets ,2,drafted,1056939,392,231,2955,10,20,49,-68,4,0,0,0,0,0,0.0
89,2016,Jared Goff,QB,13.0,California,College Stats,76,215,4.82,27.0,0.0,110.0,7.17,4.47,Los Angeles Rams ,1,drafted,1054652,529,318,3488,10,18,59,-62,1,1,-1,0,0,0,0.0
99,2016,Jeff Driskel,QB,0.0,Louisiana Tech,College Stats,76,234,4.56,32.0,0.0,122.0,7.19,4.25,San Francisco 49ers ,6,drafted,1039436,340,214,2271,10,14,151,464,5,0,0,0,2,0,0.0
102,2016,Brandon Doughty,QB,0.0,Western Kentucky,College Stats,75,213,5.22,27.0,0.0,103.0,7.49,4.52,Miami Dolphins ,7,drafted,1034962,399,260,2970,15,14,36,-111,0,0,0,0,0,0,0.0
111,2016,Connor Cook,QB,0.0,Michigan State,College Stats,76,217,4.79,33.0,0.0,113.0,7.21,4.28,Oakland Raiders ,4,drafted,1040259,397,232,2849,7,23,73,73,1,0,0,0,0,0,0.0
122,2016,Jacoby Brissett,QB,12.0,North Carolina State,College Stats,76,231,4.94,31.0,0.0,113.0,7.17,4.53,New England Patriots ,3,drafted,1039437,74,41,455,4,3,20,3,3,0,0,0,1,0,1.0
130,2016,Brandon Allen,QB,0.0,Arkansas,College Stats,73,217,4.84,28.0,0.0,110.0,7.06,4.33,Jacksonville Jaguars ,6,drafted,1038596,307,149,1738,13,14,37,26,1,0,0,0,0,0,0.0
135,2016,Vernon Adams,QB,0.0,Oregon,College Stats,71,200,4.83,29.5,0.0,114.0,6.82,4.2,0,8,undrafted,1042992,71,44,737,1,7,24,111,2,0,0,0,0,0,0.0
136,2016,Trevone Boykin,QB,0.0,Texas Christian,College Stats,73,212,4.77,32.0,0.0,110.0,0.0,4.4,0,8,undrafted,1041739,468,272,3252,17,22,232,730,10,26,204,0,3,0,0.0
150,2016,Josh Woodrum,QB,0.0,Liberty,0,75,231,4.8,31.0,0.0,116.0,6.74,4.31,Rk,8,undrafted,1043326,25,15,198,0,1,6,-11,0,0,0,0,0,0,0.0
9,2017,Davis Webb,QB,0.0,California,College Stats,77,229,4.79,33.0,0.0,118.0,6.92,4.21,New York Giants ,3,drafted,1057665,361,226,2718,9,20,25,-12,0,0,0,0,0,0,0.0
33,2017,Seth Russell,QB,0.0,Baylor,College Stats,75,213,0.0,0.0,0.0,0.0,0.0,0.0,0,8,undrafted,1046442,43,26,427,3,3,24,147,3,0,0,0,0,0,0.0
34,2017,Cooper Rush,QB,0.0,Central Michigan,College Stats,75,228,4.93,27.0,0.0,105.0,7.23,4.47,0,8,undrafted,1046766,312,177,2349,15,15,38,-84,1,0,0,0,0,0,0.0
50,2017,Nathan Peterman,QB,1.0,Pittsburgh,College Stats,74,226,4.82,31.0,0.0,110.0,7.14,4.31,Buffalo Bills ,5,drafted,1049490,23,10,45,2,0,6,-6,0,0,0,0,0,0,0.0
72,2017,Sefo Liufau,QB,0.0,Colorado,College Stats,75,232,5.08,27.0,0.0,105.0,7.32,4.45,0,8,undrafted,1054876,251,149,1779,8,12,40,43,0,1,32,0,0,0,0.0
73,2017,Mitch Leidner,QB,0.0,Minnesota,College Stats,75,226,4.93,34.5,0.0,123.0,6.96,4.25,0,8,undrafted,1048164,78,43,619,1,3,102,407,7,0,0,0,0,0,0.0
77,2017,Trevor Knight,QB,0.0,Texas A&M,College Stats,73,219,4.54,35.5,0.0,125.0,7.04,4.14,0,8,undrafted,1048835,134,79,819,5,9,67,445,2,0,0,0,0,0,0.0
117,2017,Joshua Dobbs,QB,0.0,Tennessee,College Stats,75,216,4.64,33.0,0.0,122.0,6.75,4.31,Pittsburgh Steelers ,4,drafted,1057515,121,72,695,6,2,38,189,1,0,0,0,0,0,0.0
142,2017,C.J. Beathard,QB,4.0,Iowa,College Stats,74,219,0.0,31.0,0.0,113.0,0.0,0.0,San Francisco 49ers ,3,drafted,1047506,27,9,179,2,1,13,49,2,0,0,0,1,0,0.0
